cluster,ce_score
0,1.4893610194325446
1,26.212499856948853
2,0.8630953207612038
3,6.441640138626099
